administrateur,
ami,
assistance client,
compte utilisateur,
connecté,
contributeur financier,
débutant,
déconnecté,
développeur,
êtes-vous sûr,
expert,
interface homme-machine,
interface utilisateur,
jeton utilisateur,
nom d'utilisateur,
nous sommes désolés,
nous sommes heureux,
nous sommes impatients,
pour être sûr de,
rester connecté,
testeur,
utilisateur,
vous allez être redirigé vers,
vous reconnaissez être informé que,
vous êtes déjà inscrit,
vous êtes invité à,
vous êtes nouveau,
vous êtes prêt,
vous n'êtes pas autorisé à,
